rsi,ema_9,ema_21,macd,macd_signal,atr,volume,tf_alignment_score,tf_5m_aligned,tf_15m_aligned,tf_30m_aligned,tf_1h_aligned,tf_4h_aligned,tf_12h_aligned,price_trend,mfi_trend,reversal_confidence,has_reversal_signal,label
42.47240713084175,2482.0672688467444,2476.7574025228864,0.07886255146027321,4.307842371503158,12.786226777043272,1947.801677959376,1,0,0,0,0,0,1,23.26009718514481,34.79884162914608,93.374942300147,0,0
77.04285838459496,2501.254185262726,2481.1436135612785,-1.7346779612618028,-0.8278915847883894,12.187728164445964,1685.0100313508083,1,0,0,1,1,1,0,11.375688634419179,-87.48703155610968,68.38664518353433,0,0
63.919636508684306,2501.625404864404,2477.08041937107,-0.18564564910202686,-0.8451351392970192,5.384630987096536,1223.901690202477,3,1,1,0,1,1,0,-16.844979295335616,-57.898612066931406,53.15721526867312,1,0
55.919509051822196,2505.4971960599282,2473.548101350282,3.8304156096969217,1.2652715340467888,10.118717414392345,1155.8426975451862,3,1,1,0,1,1,0,-14.211133313971146,61.80472805833528,3.2659060784495875,0,1
29.36111842654619,2509.0436533489064,2474.825434844024,2.2142455059249793,2.42050233283266,10.702934281787856,1219.6438756950195,3,1,1,1,1,0,1,8.181000767616165,-70.61561528324584,47.55961918220083,0,0
29.35967122017216,2519.0340831785015,2488.431150721309,6.926717110769749,4.392851924654552,10.982341713453508,1729.5842374174183,1,0,0,0,0,0,0,39.28596140722145,-31.470970695495694,40.774810500273226,1,0
23.485016730091967,2500.652013932048,2478.2533487362316,6.174435617384409,3.783067636245536,13.702585538409984,1593.6447332844973,2,0,0,0,1,1,0,40.42921923636589,72.93178437162801,16.121881197512256,1,0
71.97056874649611,2492.91825891765,2484.570794441923,1.4181735169787597,2.1213189446372382,13.004038200903176,1022.2346814409615,4,1,1,1,1,1,1,-65.66121845891008,-69.01493777131147,65.6409603500657,0,0
56.06690070459253,2511.807447790748,2490.1366908341943,0.5942343343129248,0.9153866639716611,14.11857639190167,1008.9312024009013,2,1,1,0,0,1,1,0.022550415325395257,-83.45263287636202,97.11509073682858,1,0
62.48435466776273,2490.833290050483,2497.6157931451744,1.796924081672669,5.979871501103978,16.473248923131923,918.0747796560768,2,0,0,0,1,0,0,-17.60838099317961,-3.092400983997834,56.218881106452514,0,0
21.23506965774815,2497.5588568282255,2471.572485593644,3.902949425148077,1.9832691156518107,17.1947860807414,1592.3632636416057,1,0,0,1,0,0,0,74.10539325387684,-39.51609774429272,71.47532764439458,0,0
78.19459112971965,2483.1382552536907,2501.9764159563615,0.6806364082287626,2.1597091703077282,15.771846143397417,1717.247194666083,2,0,0,0,0,0,1,26.283784243675278,12.681672896770824,6.845045256601678,1,0
69.9465584480253,2481.0140297366183,2495.1160155796365,4.24148907849134,0.14536674834168428,19.33285543932402,1118.0557139900047,0,0,0,1,0,0,1,6.5008132831963605,60.76097809669503,41.76669958169947,0,0
32.74034664069657,2518.505936587117,2473.270361277955,2.0941165219124045,4.563666841249505,5.2734887401454245,825.1339532370954,3,1,1,0,1,0,1,-76.92107156421653,-72.57030236945137,11.635848516449588,1,0
30.909498032426036,2513.439204820488,2504.943144964271,3.5204718085198023,3.8557755804704206,7.9366697852531916,898.6060009717128,0,0,0,0,0,1,1,21.12757786468229,16.139816910856997,61.27958355365104,1,0
31.00427059120603,2507.838968243748,2506.8348960212725,2.361265291353167,0.5453872895213228,5.1134431246721315,1961.4320418140367,4,0,0,1,0,0,1,-76.55921886395332,1.101752077972784,93.84821582141547,0,0
38.254534577572265,2496.358117776571,2472.4431183941947,0.9446575954191767,-0.4233326806891011,14.712120712319045,1154.5337329729043,3,0,1,1,0,0,1,-32.55868488684959,-71.18424279736008,66.17777324716386,0,0
51.48538589793427,2486.9317728028336,2481.0751059258882,7.484533069621567,3.763495114522992,18.470458234249804,1723.0677774057604,2,1,0,0,1,0,1,-71.43160703713363,24.799697105796483,7.680304831442153,0,1
45.916701118526944,2486.2574817068435,2502.2480511917224,5.636057941597608,3.5815784999679465,8.652234448644489,1549.5962826251166,4,1,0,1,1,0,0,38.41472940487378,-45.27191642784567,35.466620498508284,1,1
37.47374841188252,2490.009715926584,2499.9303876153463,-0.5988682423354745,0.9128166889874653,18.9055181719446,1258.327567583475,3,0,0,1,1,0,1,-58.74957723276948,-2.433136291197502,55.066337944085156,0,0
56.71117368334277,2501.969066588245,2477.380840774255,6.684679758979128,5.656044935752872,5.904010854343412,1046.8247146346662,2,0,1,0,1,1,1,-21.6281253623948,-83.54553514458762,40.320775613325225,1,0
28.36963163912251,2508.5838369080025,2478.3739729334684,2.8743119824951364,0.05740524246630163,19.016540402082715,945.6637017912877,0,0,0,0,1,0,0,79.13495552375574,-8.083188557275388,83.36440104751723,1,0
37.52867891211309,2506.4078950687094,2484.8188841116553,6.945522268940914,2.0263436072982133,10.274340308594516,1538.01556164664,3,1,1,0,1,0,1,-59.136723320205945,-38.707306391435935,81.46710047099891,0,1
41.9817105976215,2491.1973558778377,2489.3809194076407,5.998552559473152,5.605311441173193,6.521312426738247,1729.5605367653457,2,1,1,1,1,0,1,1.5610127917558225,64.47624223707086,61.183102010322145,1,0
47.364199053022155,2518.1946112265277,2494.7301908612117,2.2521350446923343,1.9380912184828563,12.288076387794884,1572.6851042493568,0,1,0,1,0,1,0,-16.1456677667956,-88.60425460052635,37.345794513270526,0,0
67.11055768358082,2509.5158766678305,2484.7565455827907,-1.775306916798826,3.469681633648599,8.85164851580762,1436.36255989899,4,0,0,1,0,1,1,-96.37519179085405,-16.27854501633401,25.533637376324414,0,0
31.980426929501583,2502.174162100456,2488.5013886453257,0.6867735938494608,1.78316078573956,9.273093529428843,850.3414681179635,4,1,0,1,0,1,0,58.551622714562555,-8.3137151737124,10.587431821312931,0,0
50.8540663048167,2504.4688298493743,2499.8988375253502,3.4163421466086694,0.9195064164406902,9.609349473894298,1962.1865331132606,4,0,0,0,0,0,0,-86.19081873708005,45.001215259823745,35.4897683486554,0,0
55.54487413172255,2496.7840024971115,2471.467328115624,4.334782198261473,5.8878435357187975,17.04538846748995,1758.4570299854895,4,0,1,1,1,1,0,-5.14899580460928,14.8575150180422,41.31725172077195,0,1
22.787024763199863,2489.9092395800462,2480.097477773761,0.5788768543320228,1.8653380442053011,13.087419150128817,1151.3864440411576,1,0,0,0,0,0,0,12.135658987789988,33.44246743883621,67.58229251040736,0,0
56.4526911140863,2494.2389071460507,2498.533983435382,-0.6064392592717587,5.258694425753941,9.669615487340055,1975.9643952306208,3,1,0,1,0,0,1,25.685291322917415,55.40985713035123,65.81598242975734,0,0
30.23144742123749,2510.3138444185747,2505.808273507488,6.349302367992991,0.6096822412376033,14.155006749663775,1522.2579075635865,3,0,0,0,0,1,0,37.72632586157512,72.44059473163776,7.0108139641256955,1,0
23.903095579116773,2480.57573954519,2490.4670976846264,7.844021807035521,0.4917329281755831,15.742260113347903,1498.9071898486957,1,1,1,0,0,0,0,-49.345523295456985,-37.2249006555059,39.525931543115775,0,0
76.93313223519999,2484.6429056202765,2491.2845394106125,3.2569018230268583,-0.7820614198084205,9.089360011003006,1697.6878153154385,2,1,0,0,1,0,1,-98.00424466831012,7.604541072780591,18.177886721736193,1,0
77.93792198447356,2481.8401056808702,2474.286880453591,-0.283207141516965,3.5616677776311954,11.203236522880273,1774.123745708165,2,0,0,1,1,0,0,44.688732470982394,68.02161568783998,15.68127053168057,1,0
68.50384088698767,2481.629152092759,2487.8964946729384,0.7230732651936895,1.579684406066328,6.828291400054213,1587.7743287978033,4,0,1,0,1,1,0,7.131319869515718,97.89022619301129,82.73021497372459,1,0
38.27682615040224,2514.2184233604403,2491.304690658201,-1.8160932345253327,5.050507748877459,7.717240243020205,953.71489563944,0,1,1,0,0,0,0,67.22354064144976,77.90386220875263,4.191521671625753,0,0
25.86032684038303,2508.1463143752007,2479.698820145389,7.14298806560499,2.3124693468409,15.216767809474742,1205.921007193398,2,0,0,1,1,0,0,64.27767258013886,-25.70654747512464,41.91828759021213,1,0
61.053981590729414,2498.966953163493,2480.7697292379753,-0.8224891710985887,5.777353995403052,7.721575215434404,1913.7003683912596,0,1,0,0,0,1,1,68.66523355757663,-60.966696556269916,16.82036557665182,1,0
46.40914962437608,2483.9133664260403,2485.091366524185,3.7651647551425356,0.298678609921848,12.877450755005903,1069.5387342126223,3,0,0,1,1,0,0,-2.981068004091969,-2.1214925186822553,87.9330215678474,0,0
27.32229409068673,2499.664635004673,2470.802847911109,0.74055220687206,5.080362175689276,15.63569392583649,1246.600428605016,0,1,0,1,1,0,1,-33.27432083262687,48.328290367208446,55.704051327503514,0,0
49.71061460667621,2498.9388708312226,2482.8831666233273,3.541780025157934,4.436177969542192,6.603153846421158,1318.4922595330352,3,1,0,0,1,1,1,58.311640518274,-1.4861858493404823,23.1380636376848,1,0
22.063311266913104,2486.928074796401,2478.457920279862,4.514203883518642,4.396452912508364,13.509683294433554,1327.2859876333425,1,1,1,0,1,0,0,-9.741177394149014,-3.363827337266301,50.24272871663764,0,0
74.55922412472692,2497.354065969519,2483.099894087117,6.297418037072016,4.913482596818214,8.848441755520456,1535.5274989934305,1,1,1,1,1,0,0,-63.3115607193131,67.64608421636011,73.14863597031159,0,0
35.52679889600101,2495.940189375895,2474.79048527277,0.06421271760603209,4.3271679366009925,19.443903128563697,1931.6910052936491,4,0,0,0,0,0,0,70.99480391229487,-27.71924418656273,95.81180089194338,0,0
59.75133706123892,2504.6340039220886,2505.621091229596,-1.8900417134151952,3.383542251419908,12.25318470079887,1088.831254199006,2,0,0,1,1,0,0,76.51197535446946,71.95893496232912,22.044600424541894,0,0
38.70266456536466,2505.403746034706,2493.743698142162,-0.6311436993119273,-0.08128585622328699,17.08988824662737,945.8016515611017,4,1,1,1,0,0,1,-6.7380487719659765,-18.639039809655287,88.61817721293451,1,1
51.20408127066865,2481.8121603908817,2497.1640927657795,7.000186418481051,-0.7723167435612366,13.253398132343927,1036.9645878319247,3,1,0,1,0,1,1,-84.8600545380425,-34.353378864332115,93.43041141674902,0,1
52.80261676059678,2494.984504585059,2501.5668495442937,6.738900775625153,5.445934934709808,5.651187992822288,1864.3098802511233,4,0,0,0,0,1,1,-22.434782016613752,-9.2020177600602,91.64205445320663,0,1
31.091267331531622,2505.0343966285695,2489.9376879571623,3.9741310217030827,3.316552201645166,14.497270633910336,1574.9729751862471,0,0,0,1,0,1,0,60.70753189252067,52.48939173497369,63.54143568619099,0,0
78.17507766587352,2500.1254503432033,2473.476811523497,4.005168604336534,4.575761036833234,19.271050133099855,1143.0881470869922,3,0,0,0,0,1,1,80.35480570924574,-74.79959442720114,62.982065443470766,1,0
66.50796940166687,2514.2595936475327,2491.484261672742,4.650366745462555,2.3706564605878504,14.024177302194968,1779.1363267623408,1,0,0,0,1,0,0,-59.305451500480835,-60.71615682559652,40.32106331838228,1,0
76.36993649385134,2506.3477452647576,2493.473644720835,-0.2462872137655041,-0.17884267726323866,17.28783289140185,1833.6439956361232,2,0,1,0,1,0,0,-86.60527759494569,90.28896513261839,75.23978823037879,0,0
73.68964102565893,2486.517377083257,2499.8175789673733,7.144119459249598,-0.12369945458214693,18.263096950226117,1815.8172064283337,3,0,0,0,1,0,0,75.47009062656772,-64.90167452372853,53.12940183509319,0,1
55.87399872866511,2482.8227498960173,2487.2663818491874,2.1877052489207314,3.7989570106027997,8.421196579233987,1902.7118403674654,3,1,0,1,1,0,0,-22.11901220422494,13.545463586210914,67.74380712282945,1,0
75.312454101387,2505.6967711282527,2475.1032121118224,1.8313852824949746,2.012141264296239,8.1806725986234,1102.689224208034,0,0,0,0,0,0,0,8.352192853512651,15.862893332387573,42.84579038487954,0,0
25.30955012311517,2481.0604524216646,2481.351036231949,3.1891770528283754,0.40367308690235704,14.164714832764876,1706.050314495534,2,0,1,1,1,1,1,93.61316241015179,-2.075107589951042,73.14964640431391,0,0
31.758971745148713,2503.4310232509383,2484.5232918559454,-1.5303403322494495,2.441161827190058,11.16542704710057,1352.647396728968,1,1,1,1,1,1,1,-86.68705441715542,28.949049715363717,82.4471517604549,1,0
22.713637334632285,2517.6092096569982,2495.836689653264,-0.3371663124392059,-0.5505374404740614,17.597919543000806,1810.3982634680738,3,0,1,0,0,0,0,29.66360149041911,-54.034654840476314,14.64362566028161,0,0
39.51981984579586,2503.018967115035,2492.8311321867563,5.380336164263705,3.0737998134007913,18.500346850970168,1674.1888125939358,3,0,1,1,0,0,1,-85.17891548502658,10.53245355534964,83.2929715574228,0,0
43.32063738136892,2495.526797048261,2484.243869035914,-1.1720133207487353,0.8829538310456837,10.301320689540772,1731.7369357996695,0,0,0,1,1,0,0,-24.906214306699926,-25.56534895062057,54.029653179030724,1,0
36.28094190643375,2505.731528737694,2509.460609951719,4.031521094663882,4.582913704460317,8.55305838461723,1587.3942052172858,4,0,1,0,1,1,0,60.76290903868935,32.33345192583781,84.46659090902243,1,1
69.72425054911577,2498.330115619661,2494.2309927742754,0.45349109681320954,1.1725337124650164,16.70788272865793,1012.9145233636483,1,0,0,1,0,0,0,-13.30555344887312,-71.75529132537011,43.13017063410146,0,0
41.40519960161536,2501.8246715726373,2479.48907166944,1.8929561404197655,2.1865410435726083,9.12209053322204,1454.032302676326,2,1,0,1,1,0,1,99.43647078059008,14.175483367895247,37.904048538303506,1,0
36.85607058124285,2517.658592351061,2474.071298904816,0.8869373677069987,-0.9186562206432956,17.339214777705177,1981.6036874294098,3,0,1,1,1,0,0,11.811856989320436,-62.94592892333526,91.50607325172224,0,1
52.56176498949491,2495.444105512031,2476.114365567373,1.5567271646494913,-0.49287178543808785,11.356073804731443,1924.8656797965427,3,1,1,1,1,1,0,-35.7675694728093,-44.27138737699272,25.11692675484013,0,1
28.45545349848576,2518.4476225529565,2479.8383091353803,5.1904590518424545,1.7474548948467938,15.013248489372057,851.808482956414,1,1,1,0,1,0,1,-55.977734819049374,-56.25803993528336,84.42123252861431,0,0
68.13181884524238,2516.2140256782427,2476.4272549303823,0.9712171562317502,2.3595718430198644,6.4330297075200225,997.7777788753245,4,0,1,1,0,1,1,-29.895893142767637,-63.43244402623658,48.40205725094041,1,0
24.473038620786248,2487.831645391572,2477.462680962052,3.664046402968972,3.2001438368351263,14.357889870148595,958.0745281454743,3,1,1,1,0,1,1,-25.493345248089838,65.1421903121334,51.40954425512597,1,0
79.21321619603104,2482.7744520350066,2481.403806747754,2.7605040219909966,1.0416380509651226,11.776515181058437,1671.1758919823546,1,0,0,1,0,1,0,-86.2572644552078,-42.85848646782193,30.8468281489484,0,0
66.33468615779944,2484.0311200550973,2476.93494381179,4.636711653626481,3.8648732028857977,13.79912694763211,1781.342395828334,0,1,1,1,1,1,0,-26.08516011464537,85.42475637288986,57.30422006190157,0,0
31.922940892050345,2480.728873026062,2505.870616985057,7.36829739324758,5.020856780324432,7.520213116172951,1056.2136395728062,4,1,1,0,1,1,1,-7.152296052155016,93.98530506903818,32.52111962762113,1,0
20.331327027416144,2483.777718430237,2473.2093498264658,5.325720972102503,4.458956922253448,16.053106174162732,1407.0232315421947,2,0,1,1,1,1,0,44.54755044776093,14.252093987419467,3.926941424165231,1,0
68.92768570729005,2507.320270936654,2490.98045558281,0.14940378590756764,-0.7226682225615,17.94195616314843,1808.84363361344,3,0,0,0,1,0,1,31.345896944321595,-71.39977546685472,27.199860534435604,1,0
62.41144063085703,2482.847545938409,2486.4158730795866,-1.6881686493871533,2.363548630804803,8.251097001361634,1679.3618537195007,1,0,1,1,1,0,1,41.75313104583085,-25.09035132408375,0.6379043406590679,0,0
63.74043008245924,2492.7590252117507,2509.295144676344,0.6226404429982508,-0.2654887510727759,6.435718332802426,1450.6846465902179,0,0,0,0,0,0,0,-98.32726362462859,59.546452669642804,97.83547870568566,1,0
66.27622080115674,2513.795012438778,2474.481556086722,3.9507793070025485,0.6943151110376923,5.3545787906950455,1508.4172285505274,2,0,1,0,1,1,0,-56.46652008389279,-26.521854260585908,96.57472098197475,1,1
24.44267910404542,2480.930877429433,2485.9142239618295,-1.4857418651574965,5.906638152870025,14.62957250664899,1410.032656299536,1,1,1,0,1,0,1,32.336857679971295,-82.59655633944224,39.5155297472305,0,0
41.507943712656356,2512.5787393035575,2508.7788173310146,2.9636624720123637,-0.002531199689407404,14.106410541331712,1157.0581415825848,1,1,0,0,0,1,1,-3.2021263640505726,11.356982185637587,72.8370854339646,0,0
26.952143571507783,2491.274190990936,2504.620285035759,3.9684284891688923,2.4922170741594925,13.20046119071105,1478.0263914308193,2,1,1,0,1,1,1,-98.9373048663308,69.02417029920696,34.580609841042495,0,0
71.7862055525356,2484.7265931048664,2502.682882837971,1.3424389081696082,3.327090140226834,8.479206441739631,1626.6623624601089,0,1,0,1,0,1,1,60.89892848636447,59.18527742870048,67.1093157085976,1,0
57.39788760965347,2507.869486614566,2480.3161130817975,5.7091220374582194,3.917254793808728,10.86358993858272,1847.9874990329693,0,1,0,1,0,0,0,54.56191465806748,-64.97537197392936,80.54300430459791,0,0
39.85388149115895,2505.1577138711955,2476.8355034956026,-0.934017468662282,2.9175407844083985,13.917145027792596,1563.5496247750978,4,1,0,1,0,1,1,9.683832598712527,34.55292288249334,94.67562446922408,0,1
23.813501017161418,2515.098880541082,2496.7457287969773,-1.2486221826419124,-0.9316040680657144,12.45150288288754,1713.3458444517896,3,1,1,0,0,1,1,-86.70733484474557,-55.89914731287058,40.0212275849672,0,0
38.65893930293973,2509.4028417521554,2507.1750395651034,5.281887562036033,1.2852291577079433,19.816782803223308,992.0859619454876,2,0,1,1,0,0,1,53.30300990651693,-56.358493089565556,78.32979829560477,0,1
39.51099932160482,2512.139237215394,2492.2705157205573,2.9549131620619846,2.62398150369298,7.046596288350997,1353.868969303748,2,0,1,0,1,0,0,16.74271754627279,74.81435466103703,26.59284506321188,1,1
63.77637070028384,2491.2813829028523,2492.864507578796,4.88402396427736,-0.3849345059861665,15.427168310713906,811.197943792512,2,1,0,0,0,1,0,56.39199543159184,-50.066209451953966,99.03323037936484,0,1
58.253448281312785,2487.097581751189,2481.199163746411,2.3482733860374623,1.4543885184642653,11.064781521564381,1096.0146374259475,0,1,1,1,0,1,1,50.34939847916809,-47.35053069639776,2.5769598764351143,1,0
73.23276455457959,2510.024590065634,2500.7797173276776,0.4640203323910681,-0.767578238460434,11.42299422388422,1671.7540581356059,3,0,0,1,1,0,0,60.600414391567426,-99.86932184774008,60.3528806501121,1,1
48.332895509716955,2512.2733895706906,2477.481749942301,6.191023176741997,-0.4499505199148548,15.763966484872643,1990.1719416192361,4,0,1,0,1,0,0,3.6016132809249646,74.13380682510353,65.95059816513272,1,0
27.1756547562981,2519.620205680027,2482.94716945617,5.994158789689792,1.7784629334111726,15.386542269865545,919.0137195046591,1,0,0,0,0,0,0,-71.935096361297,58.518962641826946,68.80455570741289,0,0
62.7946872333797,2496.504707076457,2487.0174575446567,4.946964708544268,-0.07098972169857753,19.868839905532823,1281.7931790335458,1,0,0,1,1,1,1,34.23149467593773,25.4657870181356,12.038757878908902,1,0
65.64710291701385,2494.8807234317114,2490.304415147378,0.721451372299627,2.972785937830907,6.925914341811879,1760.0851624389913,2,1,0,1,1,0,1,24.09475701039412,50.053152787768454,93.85297834731304,0,1
53.67663185416978,2511.0565184296797,2479.6963892966032,3.902306668690871,3.8262547839608603,6.561644740762495,1044.8427615546786,3,0,1,1,0,0,0,48.450637439817434,-69.59028651510164,18.11832790500828,0,1
66.25803079727366,2493.632141610121,2474.593472989568,1.609738969400268,4.60410689376358,15.865082256931117,1466.1019391627435,0,1,0,1,0,0,1,-66.02379878985293,-8.335281082484913,62.27534032398411,0,0
49.62773578186344,2517.2302930241426,2494.4248016976653,-1.0841792667336585,0.40105170971367066,13.675803755096137,1679.6855552356099,3,1,0,0,1,1,1,-61.00496001994215,-29.75612253024382,22.267607912308495,1,0
51.363969762919645,2514.3365100737205,2481.54522212961,7.173135754622428,0.1723780758134883,9.112409998397087,1539.1825403122148,3,1,0,1,0,0,0,78.0819034438657,-81.2446947485967,30.72164170212709,0,1
45.652461101512976,2497.1597610950007,2493.2495288569044,-0.631813690810386,-0.26802511765919823,6.191290534834799,1025.6296815384994,0,0,0,1,0,0,0,49.99555969041416,-2.773902957015184,54.645854172812435,0,0
21.52514760464571,2510.03484271166,2476.174508610968,7.502373538208024,3.455011746805457,6.284873743946458,1226.4614824228872,2,0,0,1,1,0,1,81.64569774006458,84.14793006852707,41.719341856457646,0,0
26.473485619598268,2510.181714963387,2489.2456040741927,2.4600577295795576,3.945330085408308,18.412863119961774,1740.5501413824766,3,1,0,0,0,0,0,51.74306423278414,-91.98817618986111,16.02256009765063,1,0
21.885751141204054,2484.124954753437,2491.3035773020633,-0.14867071161380352,-0.7788969862205057,7.878009870781144,1465.07181695842,1,1,1,0,0,0,1,19.431061198060373,-41.70781730124122,17.093640242084827,1,0
58.184624675826825,2516.1021162671827,2472.072941472897,3.419009473783581,5.553485723705829,9.850573431732812,806.2755362514953,0,1,1,0,0,1,1,30.826547405574733,-58.49181275885931,41.814478816279966,1,0
38.8613588645796,2500.210094897914,2483.464171127757,6.729458358764083,-0.6362010144396931,8.39984603340482,1713.1889120337125,4,0,0,0,0,1,0,77.82558478800199,-52.37066926686074,75.72829782755008,0,0
50.514241469882165,2513.0582986443096,2475.376587077559,5.322248864095612,2.7890743471074932,10.32494458747906,842.3736259282869,2,1,1,1,0,1,1,15.761350902388106,81.68691037587506,89.79646468477885,1,0
74.45398843556558,2492.8019840412244,2472.534998818911,6.065611478614497,3.963423636156415,6.0413576411914,1694.8805392774786,0,0,1,0,1,0,1,26.47826486567748,-6.3861891531419746,8.412766225938284,0,0
34.9575337489325,2515.820929139848,2509.598409295598,4.587833667107174,5.096783866222599,12.785896863624055,1042.9766721982849,4,1,0,1,1,1,0,-68.70465679927989,-6.7401174120362395,39.310390755940105,0,0
44.62297538213778,2495.5680671493665,2482.894153798989,4.922765645178525,3.9986085249269947,6.014188453883223,1949.6881761432562,4,1,0,1,0,1,0,-5.215755976779457,52.11512849105646,10.024556372287662,1,1
65.33306831258292,2480.433506059212,2502.3949778341853,6.491956515653193,4.612096581488543,17.005347617335424,1241.5289015625015,3,1,0,1,1,1,0,43.27942239161979,-69.10155919901484,1.6592480632597884,0,1
33.72788992949735,2516.2152790567707,2480.1856261905505,0.4966800885918594,1.3761513477996425,8.505681228656496,1192.3179396056948,3,0,1,1,0,0,1,-45.81146033672692,-2.546929179989843,66.17186826439566,1,0
24.618794589727578,2483.6514670714455,2497.2601088889573,2.8942496364314048,4.703775796225585,13.100178719067658,978.6656603989336,3,0,0,0,0,0,0,-59.54916389509302,-14.002957175788055,60.24494419665878,0,0
37.38508717482608,2492.7725455036166,2500.4091143955875,0.21209441819602226,-0.439196075307274,18.201186313421875,1166.7250585882578,0,1,1,0,0,1,0,-37.234638355116886,19.382138109331226,16.301911381488623,1,0
29.673277235240263,2518.0024786820322,2493.8255496243137,7.87668007996647,5.263716592423694,14.763160535707913,1851.9809141938406,0,0,0,0,0,1,0,-51.69987440143331,99.91154065008772,23.38128330930641,0,0
75.78185914055439,2518.0242858775023,2488.8630475420064,7.440593396866133,2.8331466330761534,12.994366798270029,1995.6012051526968,2,1,1,1,0,0,0,-57.01747259272083,53.88977881640942,2.370775364451838,0,0
68.48722277386501,2502.9375155249313,2486.473636565891,-1.605731886314941,4.721084389737456,9.865006296730634,1241.971436608218,3,0,0,1,1,0,1,-15.02983142638261,-20.426859396514562,83.49472056944037,0,1
58.00422539062541,2505.273488486792,2483.9547306617196,5.055751725156885,2.166227991628101,9.99502869587297,1338.332757145451,4,0,0,1,1,1,1,81.56770277670682,65.5106104548094,97.46905960485515,0,0
72.28763541126307,2497.9378208791327,2507.181165769913,7.252483174156659,3.505043866375675,15.042304327972852,1666.4851258432845,1,0,1,1,0,0,0,1.4119293477436567,-65.85832733750397,13.545953679469081,0,0
68.22032461394687,2491.7284308679227,2503.2247763115092,-0.1942465487266647,2.6848186265527927,19.91209041831751,1863.4349365580895,2,1,1,1,1,1,1,-62.41592383693539,-93.90726273820798,23.147521376529813,1,1
31.19420353316215,2493.1465818147967,2508.6010764266607,3.6794523055262944,4.121126652287323,14.927587847740678,1511.653201024141,0,0,1,0,0,0,0,-84.60566612382519,-59.11032550714539,86.8409523946934,0,0
73.55353990939867,2506.9007382430814,2474.9718889394217,7.154882975880419,-0.42859012578587297,13.366751260550373,1269.8308378133952,2,0,1,1,1,1,0,39.231229027585044,-31.91768877714807,92.64637979561849,1,1
52.36053451493904,2510.094981177507,2499.234699008146,-1.6605402141420116,-0.5775354120660534,15.959757653588692,1295.1462090183486,2,1,1,0,0,1,1,-23.440247112722435,2.1161514919119773,41.96273828068103,1,0
68.44640930984376,2511.663161749034,2507.5336182728415,4.974202672468399,0.7297226380710251,11.978084184255772,1634.7417757961682,2,1,1,1,1,0,1,64.36618931707186,23.025828108239963,5.062247226907413,1,0
73.7654779954096,2511.584725711782,2477.2493226466263,0.9734900737255077,0.11681276079231839,5.902135139011778,803.8619163251344,2,1,0,1,0,1,0,31.902153728154037,82.12114344288435,3.93918336928194,0,0
39.08020849831183,2483.6482441219478,2472.659850694671,7.243961953765304,5.102484966145412,13.434452238168648,1543.5072049518087,1,1,1,0,0,1,0,59.24829010827371,1.9708019100915353,57.39498660690104,0,0
26.603115471660605,2499.776812188103,2499.6448259716026,7.710582451653678,0.5344979115063102,19.364379267580702,1226.591612529629,3,0,0,0,1,1,1,-45.61079211631025,0.2551289251458755,39.2895108893179,0,0
33.6761097525165,2482.3023504006655,2492.9789245271963,7.442664891134339,5.8310567907339195,7.6295441353648945,1753.0367975325012,4,0,0,1,1,0,0,38.471784492211626,-89.95139803540357,2.8652427577654516,1,0
45.626467317575376,2501.9811552929496,2503.6731510703307,2.742142166574638,1.358270542397748,15.350073362309987,911.5887677877586,2,0,1,1,0,0,1,-47.18760306125625,-93.01768946875524,58.32523923125568,0,0
69.08088595534959,2497.6612200549353,2475.5908950650514,6.620426509893134,0.274825409820895,8.014005329885848,1505.8427203380686,2,0,0,1,1,0,0,87.81369589005831,10.231992383274413,1.1302536589022472,0,0
71.6438349953806,2515.508167310332,2501.8106924743956,6.445493985350704,4.527889549997354,13.037415267096218,1377.1674678633485,2,0,1,1,0,1,0,27.274856306674877,-12.364277350331099,78.73719581492729,1,1
20.417127831871444,2494.0366005020833,2478.06509280191,1.1910047324325563,3.610954428506133,6.4501467447007945,1570.790631086273,3,1,1,0,1,0,1,-35.09763996493158,67.83607899605973,30.643282270337156,1,0
50.64483815465395,2484.6826806571044,2476.546237714628,6.289154741506773,2.487370015171973,11.755564043872777,877.824313379562,0,0,0,1,1,1,1,-46.09762754154547,-67.86408305763096,4.02580030092321,1,0
45.04466018892674,2485.7196672821133,2476.5706319172396,-1.6299236528450738,2.8875448565634185,16.34244993342869,1495.9805449137575,0,0,0,0,0,1,1,-61.8146829856713,-95.00566757659008,58.835222098315334,1,0
33.326468628243816,2510.460425268699,2502.5829888092553,3.9626987848205304,4.034412447905847,10.213572863584732,1473.7815055514284,1,0,1,1,1,0,1,38.92819177874556,-10.192246413974825,39.76844144330547,1,0
27.19192204002097,2504.7287225326504,2496.607888827848,0.3000883728770305,0.5991831893190911,14.97367586730827,1472.7921132994052,0,1,1,0,1,0,1,-56.25687740041454,-52.5042886495485,97.38004133571495,1,0
40.256910284217675,2484.0449070449117,2490.9226169907647,-0.7943311422272119,5.974337412397194,16.93174941184594,1524.1851999157457,2,1,0,0,0,1,1,19.060653185497813,-90.07712533223251,54.41986625037022,0,0
76.57458223475115,2483.3642722445998,2484.3532193649403,-1.2304679837079084,5.823552135027482,18.90766729219179,1611.7615246716346,2,0,0,1,1,1,1,-47.07299461492853,44.91965736952579,27.52391810370083,1,0
39.39217592124531,2508.038765258365,2505.0880216325245,4.962887758781397,3.552279804428558,8.519631227831804,1765.9867996169237,2,1,0,0,0,0,0,32.39378895877372,-77.68140000855051,70.94388646339748,0,1
51.12743730460197,2482.910520254568,2485.6978042969054,1.3987496376806614,0.3967971565040159,10.989738737139621,1123.7848641538571,1,1,0,1,0,0,0,62.98794570810784,21.66390000155434,27.149200254271133,0,0
62.18113753371067,2512.8744023716145,2502.663977578863,5.247667715287615,3.761597697019039,7.286240199956262,1790.0592922160745,2,1,1,0,0,0,0,55.60504862893063,-43.79004996662217,90.42432914075651,0,1
41.81777614275764,2508.24968908626,2487.5653963428085,-1.3464365920105763,-0.4946111371457691,19.88725253237563,1397.9068187161442,0,1,1,1,0,1,1,52.17026618615635,-65.3007899289956,37.47219705073764,1,0
78.30692496325764,2483.253951225676,2485.0777771769963,1.1529033783061033,-0.7854324845593575,18.90501451886443,892.4699349611974,3,1,1,0,0,1,1,-62.455518861549585,-24.049695416136508,54.98685627762052,0,0
77.74683769652667,2483.3935085634075,2488.507191426784,3.394912923753372,0.8037802195784958,13.099356954208394,870.2611150927751,3,1,1,1,1,1,1,-82.32301060309626,60.28915524459073,5.0573103824228856,1,0
35.10693774952185,2519.465583140047,2482.0551149665657,5.907231648389636,2.238360697175214,17.63049941564632,1201.0859824352729,4,1,0,1,0,1,0,39.78976569747712,-21.581284619085462,42.61212379522308,1,1
49.83491035354313,2494.9708318302446,2499.90437520705,1.1875250293206991,5.077907537858664,12.814369659080633,1741.876372533761,0,0,0,0,0,1,1,-26.33055724112974,50.15392984221114,83.2363539660995,0,0
38.05269858900618,2494.8256858826758,2490.108815603699,4.2589137643700905,4.090183488364156,14.353785320041396,1649.2171216890988,2,0,1,0,1,0,1,-13.53075471933054,-74.90274064016987,80.56488053633419,1,0
37.090429662648056,2512.5119826903,2479.2885078058725,6.859777482361872,4.198945648399867,6.336866481740249,1746.3379576068878,3,1,1,0,1,0,0,-93.77018144132178,54.554283933015824,22.431855885352626,0,1
22.21321684127197,2517.8899430953543,2505.982982930983,4.158631881823045,1.9784533411365275,16.32905630745212,1420.7228677299313,0,0,1,0,1,1,1,-48.08471014499016,-52.61333501867027,22.60790710105627,0,0
56.57386003879381,2519.4400425529147,2485.3556488549284,0.32959474753633766,1.4215449478287403,6.915702254528522,1328.2387975465886,3,0,1,1,0,1,0,-93.2647192251072,35.478625977774556,81.73053122132367,1,1
50.16074139373169,2510.1351274103577,2491.7421144445593,-1.7559921844346198,1.597271340892219,17.391014453787925,976.9430320475408,2,1,1,0,0,0,0,75.83715452024953,13.15631096819927,93.03984201693255,0,0
23.08872507499936,2495.050383421237,2506.258884438582,6.700988739009299,5.913546946152405,16.73042131505579,1193.831304331174,3,0,1,1,0,0,1,-51.320663356293906,85.82894344233748,9.536092127300355,0,0
36.718787854196684,2483.3400286679466,2494.96951983656,-1.7873058914961286,-0.7192356601126226,15.631170466144647,1320.8232394086504,4,1,1,0,1,0,1,11.46743391460161,-22.535496404937195,45.005863942622526,0,0
74.49595315799922,2511.0858766370975,2474.6759216283344,6.747016726841994,5.06922047285714,5.542405707871431,906.3205156155407,4,1,1,1,0,0,1,-92.20413586777391,-86.76696223311191,33.745427896422896,1,1
34.37371344001834,2502.336169989432,2507.593284944539,3.28937134027212,3.050727860006754,9.546925339179928,1064.7343432534535,3,1,1,1,1,1,0,33.36947826113161,-96.16890288974942,87.06884554574394,0,0
28.693692325473386,2496.968880369879,2495.108322122857,7.3906769851289615,2.070307934327133,8.946688548662642,1517.8703528764865,0,0,0,1,0,0,0,-35.39453084918123,65.37171219455062,8.352491468001876,1,0
49.36716561665378,2516.2541754037893,2483.3962245862836,5.987832357736654,4.076803622905955,10.402046112072787,1682.7957370870279,0,0,1,1,1,1,0,79.58383739153317,4.947127532286433,21.112594255803742,1,0
79.13902724663605,2484.447899292246,2475.5708829065356,7.979341105333375,2.40668258997292,6.314641201457578,1998.0170136715396,0,0,0,0,0,0,1,77.62363778680717,55.048810366989855,75.24683375864943,0,0
34.523316290690026,2499.7050041716343,2501.7610075708117,1.5071181545171015,5.113962666571624,19.05436734546594,1919.735997612269,3,0,0,0,0,0,1,-34.94187632765045,-53.11487999769706,5.129384898121558,0,0
60.328132844352716,2480.4541457906967,2494.8029102371406,5.671882889311269,5.304913048078809,13.307033610685645,1571.07823944223,0,1,1,1,0,0,1,80.19217913809358,-30.983250897353255,49.25353807142893,1,0
65.69717691972305,2498.7464256797653,2491.338443679053,2.0193091360924216,1.952046488114188,9.582864659870353,1305.4976639528863,2,1,1,0,1,1,1,99.23153469975577,-93.97922555773621,44.210703467972,1,1
34.25825263954398,2482.2521310272737,2505.7557033220382,2.7987562030390887,0.937794580645361,10.95472275611425,1563.4128376498793,4,0,0,0,1,1,0,65.08313282478962,92.29846491482243,33.44011789887487,0,0
63.692980916711576,2484.752716650723,2501.5438884489813,4.275054632183701,3.146452300153536,11.708038107572534,1742.7819416962784,2,1,0,1,0,0,0,68.9742695510458,33.57358134016268,39.457231531892376,0,0
42.06698796315519,2484.7010498710843,2476.06699518931,6.736771141863388,5.386543419316837,14.00891500040926,942.0034291080648,0,1,1,0,0,1,0,-50.19825277818202,86.64101755186124,52.99405869302329,1,0
57.938349835614765,2505.9684120846428,2482.468882711822,7.840834691992951,0.47463532303966605,12.735191415447467,1291.885867635546,2,0,0,0,0,1,0,15.340479771551262,-46.900718514185535,16.136735838838312,1,1
58.01178264565368,2509.841795170617,2479.9395655925787,5.682734138645182,3.3607660849443795,18.79087959821626,1807.7627427627406,0,1,1,0,1,0,1,-86.54881720652642,22.29272224513217,57.19958782835928,1,0
52.14648104448551,2503.3347506038863,2499.757851702907,2.177667821673338,3.420921540647644,12.454452243587454,1260.5995423196528,3,0,1,1,0,0,1,-81.01641263566606,35.69999365852756,80.54323292999864,1,1
25.4173862032645,2518.4869019389816,2471.341297389431,2.2135700227707016,4.131791156906967,19.88237022234969,1486.246725472624,2,1,1,0,0,1,1,99.77852240665813,-36.49005994848231,76.01609297901591,1,0
70.11814973535428,2494.994823180948,2492.7955873948526,5.375823015888915,-0.07902620410918137,17.771374366176435,1505.323233034638,3,0,0,1,0,1,0,-34.67215011481781,69.62184700312602,15.389990469377368,0,0
39.24680389830415,2491.4284834512746,2500.4983474296278,0.38777145768302335,4.01077475277462,8.127657715360037,1021.3715037603672,3,1,0,0,0,1,0,49.636782409769275,89.43229258004956,14.92494697414739,1,1
31.191110623991253,2514.7439651275786,2505.07062547047,-0.8952588686860534,5.363227644659487,18.958928219658745,1234.682529982746,1,1,1,0,1,0,1,61.33301060536329,76.97102353920087,26.817436774491334,1,0
22.446508493285833,2488.943833540778,2483.6832699486363,1.5462215764077654,0.2577817620916938,6.745495968282142,1201.4135464903186,0,0,0,0,1,0,1,71.60465420144584,47.813395187874505,36.10747263410372,0,0
55.45357659129451,2518.5289015776243,2502.8502921868803,0.8723899165408173,0.6628032744671435,17.261745627367873,831.4360502384777,4,0,0,1,0,1,0,99.5256594804313,-44.507064055009195,40.84555814084826,0,0
60.653861710536944,2480.4861789875927,2474.425269478208,0.9630812045599009,5.799765658291477,10.709349402148701,829.0301166696263,0,0,0,1,0,0,1,-51.70070294862643,-43.676791578873654,67.96972168333453,1,0
20.995269735671368,2518.7951530683054,2503.858091669381,0.3360775104990994,0.2668386689664284,18.169614806676044,1798.0364524109282,4,0,0,0,1,0,0,-91.92983462806006,92.67206408920758,5.66804321658354,1,0
50.72558349795686,2481.726396478023,2475.0995464932794,-1.5790681036363812,4.980695653587054,18.020850351611756,1127.6849719673748,0,1,0,1,1,1,0,-17.761696401082805,-97.94310081286159,3.4672704226066386,0,0
33.58974651187628,2515.645724547923,2485.891491622415,-1.821260652665862,2.4459449951362435,17.088881001764317,1421.6945194865784,3,1,0,0,0,1,0,-73.9838660342106,43.209994648428896,39.191056294390904,1,0
58.71036742456699,2501.108044363452,2501.891814631182,7.877223897360316,0.7306175208222393,16.85045654460592,1158.4706883065276,2,0,0,1,1,0,1,-95.51482216758897,41.24923251105243,69.71636921379805,1,0
30.461985740299486,2519.718591844772,2475.996697093951,2.2777313373586234,5.095249308907579,9.570187086470611,1928.8150941384085,2,1,1,1,1,0,1,-27.914634571702777,24.537908189959488,19.343534295648258,0,0
61.456264286147956,2482.951862589416,2479.1700558093057,1.8432664715968168,2.1171367850186584,6.213789245768782,1111.1561106389286,1,0,0,0,0,1,0,56.74765021504729,98.02176921737316,64.15044812562518,1,0
43.20412077803225,2502.154171376053,2498.890102735723,4.796472826930699,2.6037214775078312,11.044702681477421,1315.5881752867222,4,0,0,0,1,0,1,13.236138245014173,-37.624112847254956,25.982813794029948,0,0
76.20379932420407,2518.772101424764,2498.801461461843,0.18253887865064167,1.51463358579836,7.60286772479763,1847.2763005815223,4,1,0,0,1,0,0,-37.44440215792919,-32.00562724135037,88.60861088135164,0,0
28.251256648759593,2500.923913766806,2495.6459053154117,7.499611839502253,3.150655960044492,15.424266333536925,1810.3202801501704,4,1,0,0,0,1,0,30.86840109854394,-84.21211941068889,89.56899442666165,0,0
40.46398106301551,2505.1759455254105,2497.757937778684,5.863450144155521,0.14466710809515937,10.191495898066783,1023.3217014155327,3,0,0,1,0,1,0,-53.59636393823786,-11.44037269125251,29.72872042813265,0,1
26.808411274435343,2507.829947559385,2491.708977733904,-1.1058899768774049,1.737570756562325,19.634153012898725,1763.1719717548524,4,0,0,1,1,0,0,-97.123710785583,-47.79029475303038,22.99937539632405,1,0
75.48161709671376,2498.181642590711,2480.071962356278,2.1758077578492836,5.785886256347013,14.61458116017998,1349.8242640854712,2,0,0,1,0,0,1,52.870677287285474,-31.322659564471156,41.13039720662313,0,0
72.64036120285886,2505.1023232033626,2483.827839740157,6.791183075621647,0.8069340289078928,17.337208454515416,1379.5626465024263,3,1,0,0,1,0,0,24.74861697280182,66.91435805112553,24.05315851801487,1,0
35.47649766290934,2503.3725724769242,2477.263908672057,7.447320222914103,3.5971566517890454,6.987870091127727,960.1759668991325,0,1,1,0,0,1,0,52.460524900192,87.09690270549915,67.23838432917036,1,0
59.59904276205074,2516.0463204196394,2506.3380224533453,2.6740151124986973,1.276330449572864,17.930217234089337,896.7218165085496,4,1,0,1,1,0,1,-92.21239666246687,-62.85338559896287,82.60646845482856,1,1
69.03333201207295,2481.8178552136583,2493.335671790645,4.134113892107077,4.414311879806204,18.841357857700913,1673.5271683685182,4,1,0,0,0,0,0,67.42392556613044,-25.498213689306827,67.3092130911217,1,0
53.31204869596774,2491.238527583689,2486.0340566705454,-0.32966053907924775,-0.08388437497155121,12.305928782284038,1395.7533828263597,0,0,0,1,1,1,0,23.905240007260666,85.72611242307882,82.43504472493495,1,0
51.77903470136039,2518.0164593630625,2488.4802321457655,7.911686261369765,5.788747315549813,14.093794066264662,1324.2208431382155,4,0,0,1,1,1,1,12.679070142528026,-87.63830786215547,39.69921622074742,0,0
34.5111374540271,2515.6105513556367,2507.8913335844727,0.31671701383443396,2.1765267896854747,16.47214701354493,1675.409874382876,0,0,1,1,1,0,1,24.922809622906318,-81.5278943777243,15.631697070886085,0,0
25.586166068353954,2498.2262701114287,2476.1340561246434,7.427317741351256,0.6523532434252477,7.622579408906188,1718.6154787893317,3,0,1,1,0,1,1,72.88664937367282,-67.44180215875413,73.79509473975922,0,0
73.8329454771996,2504.8053039120614,2493.449193280672,4.496466489923685,-0.4855227686899114,12.538491146951637,990.6898012032243,2,0,1,1,0,1,0,17.38730131178141,19.04256682537495,36.047450514155386,0,0
74.02508342979982,2491.095247319245,2490.2355471553788,4.077367948788591,0.18830533561278517,10.979945416584696,1532.2701793731696,0,0,1,0,1,0,1,16.190075977635864,-69.9055457988005,67.12708252291326,1,0
57.986087436396076,2487.5248463889507,2494.4581694173858,3.1268851101650856,2.6384176398921237,7.195609882433737,962.4248987332227,1,1,1,0,1,1,1,98.13583141315317,93.6152762901467,27.064394198176565,0,0
40.34178746292204,2498.5479361975995,2470.7244073528336,0.3066981171775869,1.3590222350190042,10.513016334372972,1701.650103234855,0,1,1,0,0,1,0,51.3460334137136,-10.65709454829593,8.122963480667266,1,0
40.95257447675965,2494.134089121042,2504.884956357766,-0.23471967994491738,4.802183561178266,6.022584640782403,1588.3461875205674,4,0,1,1,0,0,0,-11.541238909772943,0.30359207003327615,99.25817954877634,1,1
63.557340732214364,2503.346244474035,2507.2847312993445,0.20486209070175354,2.016212665632642,5.387178604242305,1947.9375453001496,3,0,1,1,0,1,0,41.47940000658554,-50.6682768389187,15.620150793059928,0,1
73.82661559715463,2483.1093854785995,2492.605327343568,-0.13561737855745482,0.7409999081134093,7.0274943373223415,882.7496196277054,3,1,1,1,0,0,0,-22.153905661642305,-5.807949513053301,98.8420993963481,0,1
73.22518545590704,2518.975792306647,2497.8660329550758,5.795844735667533,3.3200149062282103,19.446726673837606,868.4656653815052,0,1,1,1,0,0,0,-54.2249075033002,32.382726527402305,97.72799325664472,0,0
66.79253275145743,2519.448429779184,2506.899975247092,1.501252591667301,3.9474405181981207,13.242943038425254,1138.62448963184,2,1,1,0,0,1,1,19.370375377551884,50.23542739080855,79.38181039080396,0,1
58.52189876925726,2507.92646856079,2498.289545372536,-1.4215732343660363,0.16929335530664902,19.487332417298298,1114.0468204830872,1,1,1,0,1,1,1,85.6364196227903,50.773616541982605,65.94229620819976,1,0
25.04839789970293,2501.443854653765,2476.1015617165704,7.6910263014081135,0.17333451401822364,11.48746817495198,1096.3745588863999,3,0,1,1,0,1,1,85.82790400309254,15.578222538817666,57.78070502510847,1,0
29.697722845676825,2492.381104651453,2493.0515344066725,6.837858849634257,-0.7433000114651992,9.677241996278894,1887.505496625244,4,0,1,1,1,0,0,-31.618944378901936,80.87195499877144,86.61015453778347,0,0
73.91325131162475,2512.551800788278,2494.268601855314,7.27752283195213,4.154814105459484,12.59212794260366,1099.4554398194073,4,0,1,1,0,1,0,5.535493244338996,63.48156946122187,28.943952161948793,1,0
56.3857435795754,2507.3892469021553,2486.9652268520954,7.949078226464353,3.6466316933526355,11.592675329493652,1126.3396713543573,2,0,1,0,0,0,0,-57.67282028602776,51.40962293972508,46.7681212484877,1,0
20.55182309699778,2486.5046775737956,2499.457769424989,-0.2610475078051271,2.322416130248697,6.5849702639261585,1711.2779149015564,3,0,0,0,1,1,1,99.1262218997767,-88.87889566390787,61.93899693665019,1,0
26.088292571961926,2516.437087379754,2507.374680590761,1.9624201890265875,4.90919314278438,14.612394720353093,1339.687810940648,0,1,1,0,1,1,1,96.22358157358715,-98.62440755607014,41.11904758694911,0,0
59.81010614648335,2512.901489716927,2507.022740516271,5.582384757040913,4.639691070650372,8.240572737643994,1732.0526683462174,4,0,0,1,0,1,0,29.901785941489468,-57.51054456090541,42.7486454090268,1,0
20.30369503077312,2517.991996531677,2488.033574856165,4.960206180537922,3.097480550777265,14.293819323467444,878.4393890772623,2,1,1,1,1,0,1,60.88281193549467,32.704718782690456,33.02846675020844,0,0
29.648483085049918,2509.0287803355345,2474.52952183363,-0.4610409366014494,5.07789896359281,14.7530163859723,1385.0854324080613,3,0,1,0,1,1,0,43.02003225674,-17.76050222349084,56.4231816684536,0,0
52.924027361995165,2504.536607837432,2509.3936479584936,6.158331249906178,0.44088847025737776,7.280372796929722,840.3363202199391,3,0,0,1,1,1,1,18.63164380789364,-19.518748140137653,85.0574528015116,1,0
61.513711861561596,2496.7297214516248,2503.5559234578373,0.24440571836660663,-0.21656266421590487,5.920244406660022,875.1838441464254,3,0,1,0,1,0,1,-89.33040060222046,76.91737764592274,20.152837800631286,1,1
59.11767557015603,2517.3091393341606,2474.9865072481307,0.2381761482262308,0.8882472806189273,16.711423791026597,1887.7249440132932,3,0,0,1,0,0,1,-9.047131489467786,79.11256962636774,93.44330387534414,0,0
33.45615856763359,2514.6425555800165,2506.8336753046947,3.3697442289341355,-0.600392007374796,11.897006356539803,967.0944453411142,3,0,0,0,1,1,0,34.957260433482105,81.83505281071714,68.90876537482296,1,0
62.73075328085215,2481.8087468042477,2504.795854482485,3.9293993484170313,2.718186696007224,5.8724569325821365,1438.9048187302606,4,1,0,1,0,1,1,35.50632277673693,-37.22438469699454,82.32732126800302,1,1
34.23494524980801,2481.05467897989,2490.753522285043,3.8008620783781115,5.556239846064731,19.92299475754651,1293.314723120848,2,1,1,0,0,1,1,-25.375476315523283,38.211162547852354,55.619069263001165,0,0
39.52398188955606,2495.058534675122,2493.6510174297973,-1.0851316260224513,-0.7245952153204325,5.866708414945499,1216.8119915106113,3,1,1,0,0,0,0,88.33839733160612,-45.673363745126075,77.95167014240634,0,1
64.78948430708145,2512.422133231273,2485.9601081548053,6.774608626303804,-0.1452306019298124,15.425528432878298,1879.800014824727,1,0,1,0,0,0,1,-66.5285935526438,-61.878033385110044,1.620039733946721,0,0
58.97797394283288,2519.4910451725978,2472.190465552881,0.6560004258870606,2.165393197984047,19.755183878951204,826.1880761305874,1,0,0,0,1,0,0,0.07188924311212208,-63.073508530526155,81.83804247795352,0,0
70.95340462965068,2486.0166756441413,2483.407889665836,-0.7048507871719583,5.537125122695334,8.587701563238884,1596.5476234107068,2,1,0,0,1,0,0,38.17679531016456,-31.578475827281196,4.013885908536652,1,1
59.4567735380206,2503.7652286140856,2502.1141379439205,6.887480798689772,1.2130927348372536,7.133740530307943,1956.0733210562605,0,0,1,0,0,1,0,39.42716117836185,-14.008476044035657,88.99133763628625,1,0
54.098516200128294,2495.235634265241,2470.185280920184,7.556514982297534,2.5506436608187473,6.820774091336434,1472.2018201542103,0,0,1,1,0,0,0,29.72779135376311,66.18983421101368,99.19627472386433,0,0
25.620486069685548,2518.796575912584,2483.3399668676457,6.621276172654506,-0.7089899866472553,9.549127213513934,1924.1869544397102,0,1,1,1,0,0,0,-44.942357309627965,-76.02178130545758,29.40674621767778,0,0
42.062948183566014,2513.6847569254282,2485.926747743638,6.095160747248781,0.03840240673462203,6.515687165159701,862.7094551432285,1,0,1,1,0,0,1,-68.75868626267561,46.98516947897884,21.031855628579365,0,0
35.91214206090353,2513.5331481884455,2491.495824117517,4.552419806390217,5.906410860711929,15.38242012541198,1302.5519828889937,0,1,1,0,1,1,0,27.188065365342172,6.29098283786107,76.53633638580408,1,0
34.63937860274501,2498.747726391799,2506.7942246565103,3.508573706091393,5.755830875052319,5.9343769719509405,1112.1893491544613,4,0,0,0,0,1,0,19.860423227887548,-42.41093146480151,25.302634092025322,0,0
78.38063328514673,2496.5927800935065,2483.8538397746383,-1.1301324008858986,-0.9654201334591327,12.641331922246845,1676.9851579768758,3,1,0,1,1,0,0,-64.1287979421518,-1.436083093435081,86.55623831722035,1,0
43.58586348000563,2490.936282877228,2483.878128075849,2.084532130706987,5.662682497962673,19.95045280779465,1977.556508596696,1,0,0,0,0,0,0,41.02782911411267,-40.01158604459547,10.28425921574767,0,0
73.5227933106268,2482.255019866037,2499.5000499243897,1.7268851701231398,3.4738395647085025,17.20955404259028,1107.8360749330973,2,0,1,0,0,1,1,-8.965601653268717,19.216391047661197,12.595519637935826,0,0
57.86831755983577,2514.588895050202,2488.0887176355923,0.5975378376032621,5.075428061640155,14.228291573465164,1585.0095217688893,2,1,0,0,0,1,0,33.55211832063058,-13.23121542895116,97.91515551006155,0,1
67.6886782124989,2512.516040365203,2478.984192917599,5.234201136885849,2.183178989437014,9.593804311799175,1037.7171593116882,3,0,0,0,0,1,1,67.47341595403013,-67.11889418422426,67.38388982700046,1,0
50.158225586311524,2519.9887069314454,2488.0975806453075,2.958757350787708,2.6091722000547515,14.358437544374578,1478.3963054859319,1,0,0,0,1,1,0,-66.05431428461537,-76.68338508886066,84.68872244289528,1,0
54.614233077581545,2519.865473482956,2475.634280815192,-1.1895378409235207,2.421926061798441,12.905621958674775,1356.7189840260035,0,1,0,1,1,1,1,-96.17102640063267,9.33913641442603,32.4329377351518,1,0
49.55106162913184,2502.2172682241053,2477.055479460249,0.20183201949811336,3.6680498028227304,11.391250758355572,1966.4063955578445,0,0,0,1,1,1,0,55.82051727915736,80.48260665722069,67.64837495206044,0,0
31.71457926788267,2510.7594966072206,2489.9347109095793,4.832587636595959,-0.022441216705809675,6.960655651102992,1530.23272723576,4,1,1,1,0,1,0,21.939485030523187,-31.20846268846289,59.42418273085972,1,0
63.34712691569032,2517.7906291952972,2486.757017980182,-1.2386914050969982,-0.7901848708912543,18.299063228607,1219.4076465041826,4,0,0,1,0,1,1,39.92791392442434,46.60002144452464,60.3150120122947,1,1
36.846341746451344,2513.9858956270964,2506.593836042724,6.512069140487687,1.1555095911383364,11.746769732319837,936.9149418655201,0,0,1,1,1,0,0,67.63099499772851,31.73227098795339,68.25324595377215,0,0
21.45895798588723,2489.8939240697277,2484.4957559646655,2.9514652701397432,3.9327653391565267,7.919337677311476,981.4961944819215,2,0,1,0,1,0,1,60.5621869649001,86.3109828618962,57.53591731290986,0,0
58.72833775443007,2498.021765412404,2493.223534011122,2.80586577326648,0.41297416486063854,10.516390263159344,1070.3803159414822,2,0,1,0,0,0,0,92.18402938576493,64.19620345982817,42.906236930266594,1,0
30.626640764422937,2485.1663766060597,2495.2905715167813,3.924077846595176,3.714027033274421,11.211946287933905,1101.1599936083576,4,1,1,0,0,0,1,7.187015770423644,13.321051781092596,27.592269438054686,1,0
76.42751506117486,2518.162041090349,2470.523778263533,6.2468096592514915,5.789384322750893,17.413068433503113,1820.7392694093653,3,0,1,0,1,0,0,-2.300873468018927,31.40609964682146,76.8581330913202,1,0
77.23571462015525,2504.2469853780353,2496.5414948806683,1.4780920790219305,-0.3426949894740713,16.004215708421032,1473.4673459390299,0,1,0,1,0,0,0,-19.622560021853985,79.67729331680698,22.62724300031862,1,0
74.89186341322691,2489.1457122201386,2477.12143867479,4.780161525590636,3.708214827575884,16.539573404620096,1428.0690936492397,4,0,0,1,0,1,1,-69.2617914311591,-20.096243082613043,69.23543061544142,0,1
42.20952201532666,2506.8680273762343,2508.442812698778,3.657319639957911,2.106251535131998,5.165468966429708,937.7226462430609,4,0,1,1,1,1,0,14.521446576404484,-34.64105882844453,23.333282264932663,0,1
20.927396991732046,2504.725129618316,2475.9465091101247,0.6702827016942132,5.076995780642537,11.242309972696422,1832.167632019322,0,0,1,0,0,0,0,-44.59749513480424,-97.83778327296073,62.53301699544539,0,0
75.69911375526353,2494.3265087213135,2486.584964949081,6.78629986355158,0.24004852613170136,12.220162274529855,1667.3771638501805,0,0,1,1,1,0,0,84.26150244259509,65.31021483829285,74.70782671290289,1,0
45.69104889903886,2484.542303687985,2473.4139867231456,5.974260216069281,3.8483816655831515,5.287884152345851,881.202034280002,2,1,0,0,0,1,0,16.638160855419514,60.196140080672976,21.87138889065392,1,1
77.99928914262017,2506.862927823712,2509.874970073838,4.584518346584255,4.866807027536772,8.897198131175513,1649.4021166757225,3,1,1,1,1,1,0,18.56803610162203,-79.10909637996973,5.994330086130828,0,0
77.81719862535518,2500.8123080361515,2490.0878004132496,6.505817290942419,5.6122995363181625,16.404347346832026,1452.2458608111754,3,1,0,1,0,1,0,-29.015067824597995,15.371476226540048,13.097374299417408,0,0
71.1805673280416,2510.8927356694257,2493.8154006928016,6.672942009598024,3.7827361980275205,7.0566455859349855,898.0704148961339,0,1,1,0,1,0,1,-89.6021296044585,-7.203660366622522,60.59969672710255,1,0
37.66693352417514,2500.80654004448,2472.683059095537,5.083629767150348,2.480223348058991,13.029651971788875,1349.9607698343877,1,0,0,0,1,1,1,-93.65124692540228,-76.25818089817771,84.94464062257356,1,0
43.105863716115515,2514.087260012742,2499.998418815967,6.37013328363672,3.324930681408497,8.228028080258563,1381.6355445560564,4,1,1,1,1,0,1,-15.332971169360498,96.1136454121447,4.499682123542437,0,0
71.06820029101141,2502.0762735509793,2478.3962237238234,4.974714616692836,5.082334891351028,5.181811619658399,998.929448195931,4,1,0,1,1,0,0,-83.08692438055243,-57.060822507328915,73.41512590416463,0,1
39.01532030937666,2502.4375188614154,2505.9221715776284,4.801407717603004,2.994268226471808,8.618021863993123,1934.8377764003387,0,0,1,0,0,1,1,21.369391108027823,-86.55316398188776,34.13186459500521,0,0
30.16956480116555,2515.066144106334,2478.20558561928,4.186113782151843,-0.787290582122142,19.638106323650806,1819.9704457767943,1,0,0,1,0,1,0,76.19460112793148,18.969475900381916,47.85283699195225,1,0
53.40807574750101,2496.1393146484957,2477.6275088265465,5.527166395576412,5.516640868548844,17.023056678244846,1602.82680479493,2,0,0,1,1,0,0,76.58296330374444,47.773335426606536,92.88595498455656,1,1
76.16928644964686,2485.3606091380257,2471.4619867139236,-0.413948947069263,3.826687257220928,19.393649664815502,1354.7546732007286,0,0,0,0,0,1,0,31.80908202644648,-93.5113107905626,33.19715047358455,1,0
61.76178780049838,2481.1513070525334,2488.8826778044,6.808707591989284,3.7355937004407256,12.317810658895437,1294.1186499014102,0,1,0,1,0,1,0,-57.7536337054138,31.743527745404432,46.5336933939486,1,0
54.203670205361895,2510.2054902269447,2492.593645330505,6.71843527745232,0.5097260667840202,6.6460429801625525,1581.168160581145,4,1,0,0,0,0,1,72.59936627177441,6.458375190290888,1.3682414760681105,1,0
25.830589626246113,2504.8123820541387,2472.628345577134,-1.7075271696544085,3.6121982916286006,13.219392334605395,1454.5182432882866,0,0,0,1,0,1,0,77.21868706264164,-79.34699822499032,8.159872000483837,1,0
56.90043360195018,2508.163190723969,2501.0211046678005,6.258167505647627,1.7570508395791093,11.815660018399413,874.7277270582628,0,0,0,0,0,0,1,-60.66928300940826,-65.49522461072759,25.859159113478402,0,0
79.4032310062558,2488.5185664603564,2488.131553389921,-0.711301325265548,3.5586308392904447,17.66535624109424,1415.003178524398,0,0,1,1,1,0,0,47.48521715413545,13.594859463216103,2.7852240821074403,0,0
28.405040914191442,2485.454859023471,2490.975610773103,1.351188542591419,-0.25384878784406495,6.471238711763669,1767.6843406794073,4,1,1,0,1,1,1,-42.69609021457541,-40.72847729734232,63.1375326048251,1,0
51.09977914182421,2480.5817866267153,2487.630509877529,5.435082562916078,3.604917132221252,12.323617055326674,1351.0878531163496,2,1,1,1,1,0,1,60.52806247058593,87.66314573026321,42.63983568016225,0,0
72.64238431567733,2494.0235023522637,2486.030522435013,-0.39240103951691796,5.995896080394666,7.250729970409764,862.3478930651221,2,0,1,0,1,0,1,99.44757998072053,63.748045896810154,54.814520272802206,1,0
64.44611706525227,2503.596707474185,2492.3856132523288,6.179670241190622,-0.6625157279761078,9.870138903350899,1743.5338392608396,0,0,1,1,0,1,1,-93.99479893412143,96.7134413027326,17.464718589632955,0,0
61.82094445971608,2495.6897618039893,2476.2096098372285,6.321341779577419,5.840219289549221,16.060356160816994,1041.6365385631693,4,1,0,1,0,1,1,79.47317315818638,-48.065832209917204,29.593202943661613,1,1
62.14904503922656,2497.498996880949,2477.277125219811,3.074677337608362,1.8483557250600944,12.140271940531498,1110.3450018656465,2,0,0,1,1,1,1,24.52610671973161,93.94472655959541,66.38244748527251,0,0
41.56946907318531,2516.16634777975,2504.4714248405407,-1.9361412828316642,5.095274152360814,10.63832427718654,997.6476241187551,2,0,0,1,0,0,0,94.67652383296424,-13.753226041688427,96.53027236303998,0,0
37.6155106558696,2493.930218680932,2507.844618485345,0.8703813317491278,4.476698388407915,10.91714417855053,1196.258077845797,2,1,0,1,0,0,1,-6.998096494714479,-30.496240937249077,5.04167736022092,1,1
68.56166932871082,2500.5595795663926,2484.9323726511902,4.169269183757422,2.969113826906675,11.8917015260898,1708.101806826362,4,0,0,1,1,1,0,69.47758611427474,-89.93009460612936,89.03843208552661,1,0
68.60680368075084,2511.3461205096455,2480.829786925742,7.811861780274235,4.1691444647592855,16.775248157555854,1423.2630314047249,4,1,1,1,0,0,1,-87.52118628034455,-89.44694842807948,57.68812013112085,0,1
72.02433911480622,2495.861711292851,2495.7599817295604,4.3181352701666835,5.149608929109435,18.381270334103515,1045.857528980855,0,0,1,1,1,1,0,-32.94418998434085,38.40225118933094,56.39195667556237,0,0
74.79443315338828,2504.883468009115,2486.3493668439237,0.5980358106415979,1.828982251557231,19.330020297558924,1853.396093782449,3,0,1,1,1,1,1,-86.59669244975801,-8.41420111319442,50.027853520776034,1,0
50.68054393165627,2514.49454834987,2471.0154542264136,4.340057030996114,1.2892321309426709,16.803550793829427,1855.498225941835,2,1,1,0,0,0,1,95.0686266958141,-54.69567479277886,6.9394085904183385,0,0
50.090977681231976,2517.980824946306,2476.2461038946476,3.3998537971585545,3.673153698945093,9.731103436220192,1844.6941100552083,3,1,0,0,0,1,0,63.39478145436735,22.79406126504653,8.987685173616066,1,1
67.89771073800651,2485.8829392371617,2498.638889153896,5.798453951511436,4.65492159358881,15.322020591298132,1086.5554536578472,4,0,0,1,1,0,1,70.5094842491941,-49.42837634997777,60.09120056590861,1,0
58.99783584666591,2517.0635050064598,2496.356957676406,-0.9301936117304159,4.33599594343631,11.564046860830878,1341.4872130171857,4,1,0,0,1,0,1,87.59304628677884,15.52635086888452,34.09585714355583,0,0
62.1180126354622,2499.6846517231816,2471.0838397001394,5.61027902502028,4.584695542010442,8.820059330690768,1981.98758736905,4,0,1,1,0,1,1,-82.97930277604293,-28.15825060346193,91.72680665776807,1,1
67.74756016616607,2490.329775531958,2478.878886477318,3.412665786761103,2.049083203690531,17.613073691388838,1726.4149715719884,3,0,0,1,1,0,0,-22.880481497333328,64.71044532236381,40.659053735947225,0,0
73.40032050905398,2498.3654302495306,2479.242991863523,7.629920038589947,4.7248395132251515,5.576395234434875,832.6009054706718,4,1,1,0,1,1,1,-85.79302219119957,64.13923215335586,14.328145870264109,0,0
40.27970941109215,2519.201303011419,2496.8757097439493,1.4187216603868609,-0.1585366124057409,18.52642988203135,878.2455095125905,0,0,0,1,1,0,0,-57.84137968999428,-4.529920375519736,71.4718833502036,1,0
42.53497715839664,2499.704723759715,2470.7884215101744,4.326218931339481,2.8114236857259467,11.922161969371013,1356.7176521747992,4,0,0,1,0,0,1,-54.12684459246553,-29.83617813299688,29.335342144100984,0,1
25.638916390452138,2493.1500644115004,2474.164343279383,7.320281055100175,-0.959689376513149,14.558022152124206,1891.064247033872,1,1,1,0,1,0,1,-6.178557790484263,-27.488040688181094,52.54703073558932,1,0
54.69680845977044,2505.336034172669,2501.9966434149273,-0.9749027200932074,1.2721008093018922,14.89030883308674,1446.442157543257,3,1,0,0,0,1,0,-46.287566509271485,61.14290513364358,69.783278550517,1,1
22.156536427804525,2489.605824751128,2477.1417864821733,7.372284872364512,1.565230744099785,18.426766110598045,1397.3750096411484,1,0,0,1,1,0,1,-79.80437863644778,-34.3641034404776,90.02641112020704,1,0
47.93588108794761,2483.0345331243466,2496.109844314075,4.878857223008134,1.7732088412647877,14.55004523250811,926.5684399479567,4,1,1,0,0,1,1,-66.50178218117846,-58.1881252586308,79.2191194801676,0,1
52.5586780824546,2485.155188876426,2479.527311241869,-1.321629408948281,3.868270446829035,14.209003771400926,1588.1361256691528,0,1,0,0,1,0,0,-70.54488728958181,-83.06233162493864,67.63610678727241,1,0
37.192475127697065,2485.1218335583108,2473.9776557103737,1.0096356694681625,1.7199067088924203,5.999780608410349,1786.5237927202706,2,1,1,1,0,0,1,94.61535958245966,-6.661375823118321,67.96331823951436,0,0
55.44999563414065,2486.076107740492,2479.726887639978,5.081720886452816,2.1408553583577143,12.776120329178061,1256.5040090090747,4,1,0,0,0,1,0,51.85850138369472,-3.5735802160316243,94.59246440320865,1,1
21.830014996342967,2485.553086905976,2498.890677274226,-1.326493985312283,0.6628089161202922,7.252535012255625,1730.734221110393,0,0,0,0,0,1,0,93.5522930539124,68.18174208058143,29.582409749653603,1,0
22.240891324952866,2505.6349897921286,2504.2278587242513,3.8217046017627325,1.6127625414053806,16.061506530822285,1957.371984680974,3,0,0,1,1,1,0,-12.051902698418292,-55.752260710787205,0.11120941961874076,1,0
69.3560336395795,2487.2752033759657,2503.2087945826797,1.4588305695295674,0.5908873908420603,12.683328812190117,1044.519750953227,1,0,0,0,1,1,1,-44.32630366746868,-23.80174526632002,27.19545593981987,0,0
41.61143848467577,2493.8266913329544,2485.887341184738,4.209155177674771,-0.48762853362089453,15.2034166881253,1427.9955574336896,1,1,0,0,1,1,0,59.65863944183734,61.681147778738186,21.7891379626744,0,0
27.623630759113087,2515.8715363962406,2496.7234054628257,-1.5425796618748715,3.2241401536696452,5.625093509035764,1144.5655497014907,1,1,0,1,0,0,0,-34.749216391770645,64.7247221497947,66.18345851139982,1,0
51.334595603288264,2498.958465610515,2478.1993718166327,6.715368061523763,3.6774895898851137,6.271880240687048,1751.4253028406072,3,1,0,1,1,0,1,-40.12332525893034,-23.07778480424636,63.3711599765529,1,0
66.19961318591665,2506.7023095408413,2481.7259092104405,7.734889691773969,3.3364324220673014,15.744850820940234,1493.112039057389,0,1,0,1,0,1,0,-53.49880155843376,-8.175195342663821,59.34613827047238,0,0
32.94926164981059,2486.892794848065,2505.8534327408447,7.688778552856915,2.2444583066040065,6.0812650399801,1561.4989010603645,3,1,1,0,1,0,1,-74.06420435515292,-39.342821830143414,1.62434432094537,0,0
57.373428549140016,2487.691560752347,2470.5200769404296,5.496518317429247,1.6585004612546088,6.068850916478879,1757.496991539073,1,1,1,1,0,0,1,-48.707387796646806,86.51097568386241,72.87780544506475,0,0
25.120847899626078,2481.6347446506593,2473.4203412341785,-0.6991375986936803,5.043335547002776,5.181627128523312,1275.164567194946,4,1,0,1,0,0,1,-28.93605030522246,-76.27124685168394,32.353041248549154,1,0
